r,l,t
712.373526096344,4500,60.94364333152771
706.6821294426918,4500,117.10692572593689
1659.0430213809013,4500,173.30147790908813
701.9393029212952,4500,230.8587989807129
608.979766368866,350,235.2335283756256
692.4536347389221,4500,291.4287078380585
701.939296245575,4500,348.33739590644836
706.6821348071098,4500,406.7566854953766
645.9738610982895,168,408.8715400695801
3167.263916313648,4500,465.3855354785919
656.4080939888954,251,468.47287821769714
3739.2495876550674,4366,525.1566054821014
1966.3785881996155,906,536.1877059936523
4149.9789199233055,4485,591.9715538024902
774.0303547978401,137,593.7465889453888
4143.338954269886,2161,620.2819128036499
3733.558182179928,773,631.1311359405518
4147.133222877979,1870,654.0956561565399
4148.081782579422,1681,674.5620903968811
3631.112981915474,536,685.1098957061768
730.3962885141373,135,686.7692120075226
4241.041318953037,1703,707.3076467514038
4244.83558434248,1139,721.2388155460358
3745.889542758465,2626,755.375913143158
597.5969640016556,92,756.6135692596436
5148.819574415684,4500,813.3829386234283
2153.246205329895,316,817.4040124416351
609.9283293485641,88,818.5391116142273
4250.526979088783,3435,861.7301251888275
633.6424993872643,99,863.0025653839111
3746.8381087183952,610,870.5445952415466
635.5396313071251,74,871.5143477916718
620.3625646829605,81,872.5694944858551
3739.249587059021,966,884.305009841919
4248.629848957062,875,896.2967789173126
4259.064084351063,579,903.574517250061
5135.5396473407745,4500,959.4238250255585
3747.7866898179054,504,965.765508890152
3741.1467084288597,2009,993.0701086521149
4246.732717096806,578,1000.3011386394501
4157.567460298538,554,1007.1846771240234
2203.5202373862267,491,1013.3065271377563
2559.232718527317,345,1017.5385320186615
5168.739466547966,4500,1075.7598435878754
630.7967953681946,88,1076.9003438949585
5104.23692959547,4500,1133.6746151447296
1029.1947767138481,132,1135.3540301322937
3740.198145389557,431,1140.6434071063995
4153.773188352585,644,1150.5022122859955
3743.043845295906,902,1161.6072220802307
5119.414010584354,4500,1218.6854507923126
1031.091905117035,96,1219.9890542030334
1031.0919045209885,117,1221.4489545822144
5047.322948753834,4500,1277.718584537506
4147.133226156235,808,1287.5490500926971
5163.04808306694,4500,1344.5659642219543
5109.928340733051,4500,1400.0203669071198
3737.35244256258,1324,1417.5749809741974
3739.2495842576027,617,1425.0992386341095
5060.602871894836,4500,1480.7551741600037
3657.6728519797325,1153,1494.9065833091736
638.3853303194046,76,1495.8936605453491
640.2824635505676,82,1496.9207623004913
644.0767284035683,74,1497.8658769130707
3738.3010197877884,1167,1514.322245836258
643.1281606554985,72,1515.269874572754
3748.7352459430695,405,1520.2199523448944
4164.20742058754,535,1526.7047717571259
3737.3524475097656,518,1533.083827495575
640.2824618220329,78,1534.0959005355835
4149.978933393955,486,1540.0162179470062
639.3338949680328,83,1541.0492577552795
3650.084324359894,490,1547.0514221191406
641.2310290932655,81,1548.1100709438324
643.1281626224518,75,1549.129448890686
5171.585165083408,4500,1605.044116973877
3740.1981456279755,886,1617.6154489517212
719.013490498066,99,1618.8713359832764
3663.364252448082,413,1623.9209847450256
5131.745384216309,4500,1679.9828152656555
3736.4038820266724,408,1684.9690990447998
5118.46544367075,4500,1741.4517211914062
642.1795954108238,73,1742.4277153015137
4149.9789318442345,496,1748.4929184913635
634.5910634994507,83,1749.545783996582
645.0252957344055,72,1750.4520728588104
1032.0404751896858,106,1751.7755634784698
3742.0952723026276,475,1757.5519642829895
645.9738608598709,85,1758.6148102283478
3739.249590218067,321,1762.5825142860413
5135.5396292209625,4500,1819.8432223796844
640.2824617028236,76,1820.8274059295654
3734.506750226021,394,1825.602626800537
3638.7015146017075,368,1830.061073064804
4249.578421294689,448,1835.5219066143036
3646.290052473545,362,1839.912942647934
3741.1467146873474,460,1845.4286496639252
5081.471333682537,4500,1900.3549590110779
646.9224250912666,86,1901.4837410449982
643.1281622648239,76,1902.464893579483
3747.7866783738136,402,1907.2912952899933
1032.0404723286629,96,1908.4851033687592
5091.905575871468,4500,1964.0485820770264
1031.0919055342674,124,1965.6063675880432
644.0767283439636,71,1966.4796469211578
639.3338968753815,75,1967.4368290901184
3743.9924089312553,819,1979.998199224472
5182.967966079712,4500,2036.280284166336
1032.9890407919884,95,2037.5491561889648
3740.1981437802315,482,2043.4176337718964
4244.835580945015,495,2049.368795633316
5073.88280415535,4500,2106.239202976227
1028.246206343174,104,2107.5653052330017
637.4367649555206,78,2108.5484466552734
3736.4038853645325,364,2113.045735836029
1030.1433405280113,98,2114.2670307159424
5175.379435777664,4500,2170.836348295212
4240.092756211758,443,2179.7595357894897
5157.356667160988,4500,2235.9842875003815
4156.618879854679,471,2241.7329478263855
5127.002543747425,4500,2298.0577540397644
4149.030352830887,492,2304.000423192978
4339.692240357399,683,2312.287802219391
4241.989889442921,498,2318.4219088554382
4339.69224768877,466,2324.0476925373077
1032.0404710769653,101,2325.271325111389
650.7166901826859,74,2326.20565032959
5158.305236816406,4500,2381.2301700115204
1028.246205985546,97,2384.118738889694
4147.133220553398,506,2390.2372245788574
642.1795940995216,73,2391.158507347107
4151.876054883003,460,2396.6849431991577
3737.35244345665,469,2402.4356203079224
4248.6298461556435,485,2408.4712207317352
644.0767279267311,78,2409.464442253113
4241.989888191223,568,2416.403582572937
3632.0615543723106,420,2421.5570385456085
5104.236949503422,4500,2477.3348140716553
4340.6408150196075,482,2483.2856385707855
645.0252934098244,73,2484.2148456573486
5087.162749886513,4500,2542.12397646904
645.0252907276154,75,2543.106809616089
615.6197323799133,84,2544.1526148319244
3640.5986528396606,1194,2558.464109659195
1030.1433415412903,105,2559.761087179184
3740.198151111603,418,2564.756331920624
1029.1947696208954,107,2566.09206366539
1030.1433390974998,93,2567.250982761383
4164.207425057888,615,2574.617835521698
5090.957006573677,4500,2629.748512506485
1028.2462010383606,94,2630.9527316093445
3735.4553106427193,425,2636.0838692188263
639.3338962197304,76,2637.0445981025696
4245.784150660038,469,2644.7762961387634
3742.095281124115,432,2649.981862306595
4153.773196041584,364,2654.389308691025
5152.613833606243,4500,2709.3897528648376
645.0252938270569,74,2710.3809542655945
588.1112981438637,86,2711.4802238941193
3662.41568171978,901,2722.2583417892456
4241.989873886108,338,2726.414915561676
3740.198149085045,462,2732.067937374115
3740.1981487870216,677,2741.2348759174347
649.7681235074997,70,2742.103760957718
4147.1332196593285,390,2746.8002438545227
5121.3111428022385,4500,2804.1214396953583
649.7681242227554,76,2805.092945575714
5129.848242223263,4500,2860.951174259186
639.3338963389397,72,2861.8987097740173
3629.215857028961,309,2865.6228063106537
4148.081780195236,521,2871.8917813301086
645.0252956748009,73,2872.808959722519
4155.670324087143,430,2878.0744199752808
3742.0952773690224,370,2882.573558807373
4150.927484929562,802,2892.2052114009857
4149.030350446701,540,2900.1355605125427
5103.288372218609,4500,2955.4727697372437
3741.146715223789,300,2959.173169851303
5130.796797215939,4500,3014.171103954315
4256.218377351761,391,3018.9722487926483
4253.3726843595505,439,3024.2754485607147
5087.162741363049,4500,3079.3740367889404
1030.143337547779,103,3080.666749715805
5103.28837621212,4500,3135.8194851875305
4244.835577785969,364,3140.2305369377136
3739.2495787739754,296,3143.8451800346375
3746.8381175994873,417,3150.232184410095
4251.475546956062,381,3154.8546948432922
3740.19814234972,363,3159.2860276699066
4243.887014508247,416,3164.3390448093414
1028.2462052106857,144,3166.1207613945007
5105.185501277447,4500,3223.0761568546295
3748.735242187977,466,3228.7071607112885
3734.506736636162,431,3233.92303442955
639.3338971734047,76,3234.8954808712006
5161.150926411152,4500,3290.001250267029
3734.5067504048347,366,3294.5197620391846
3737.3524503707886,1044,3308.181540489197
1028.2462111115456,118,3309.657989025116
3736.403878390789,379,3314.2028348445892
5104.236939549446,4500,3371.620117664337
5173.482304751873,4500,3426.7003931999207
642.1795957684517,74,3427.6425573825836
5141.231029629707,4500,3482.4436299800873
4147.133219242096,434,3487.7152857780457
1032.0404707193375,91,3488.8721685409546
5116.568290472031,4500,3543.851320505142
3742.0952826738358,389,3548.6131529808044
5113.722607314587,4500,3606.7288999557495
3737.352449774742,461,3612.2422943115234
4156.618889212608,605,3619.5239729881287
5065.345693826675,4500,3674.5237324237823
643.1281624436378,73,3675.480139017105
649.7681225538254,71,3676.3657767772675
9686.888883411884,1409,3693.12815785408
9830.61111408472,763,3702.3042426109314
3747.7866794466972,476,3709.5209081172943
5105.185495793819,4500,3766.011601448059
5123.208270907402,4500,3821.1688346862793
3747.7866728901863,960,3832.789844751358
5093.802705705166,4500,3888.035474538803
3744.940973341465,337,3892.0873210430145
5090.008428871632,4500,3947.063398361206
3647.238619029522,331,3951.1169621944427
5140.282447755337,4500,4008.213803768158
646.922424018383,68,4009.136819124222
3747.7866693735123,882,4020.775325536728
5180.122274875641,4500,4075.9350929260254
5152.6138463020325,4500,4131.093475103378
5152.613845407963,4500,4187.92489027977
4152.8246267437935,342,4192.1213438510895
3737.352445423603,355,4196.4164407253265
5131.745351374149,4500,4251.289175271988
5133.642508924007,4500,4306.838866233826
3747.7866772413254,290,4310.355817079544
7731.7664414048195,844,4324.373438835144
3742.0952761769295,325,4328.349178552628
3743.9924136400223,322,4332.296036481857
5114.671186864376,4500,4387.165816783905
3733.5581906437874,362,4391.543721914291
1032.9890384078026,96,4392.740161180496
639.3338951468468,73,4393.673182964325
4354.8693108558655,1216,4408.22450709343
3739.2495810985565,573,4415.143087387085
5106.134078323841,4500,4472.23375082016
3745.8895459771156,348,4476.518857717514
4261.909782111645,443,4481.851484775543
4242.938445985317,437,4487.118762016296
645.9738618135452,76,4488.078380823135
5105.185521543026,4500,4542.962949037552
9783.499989449978,975,4554.700996160507
640.2824617624283,79,4555.701831579208
5129.848245859146,4500,4610.724556207657
4344.435081064701,434,4616.008374452591
9108.722226440907,4011,4665.430274248123
3749.683813750744,855,4677.204310417175
4252.424118459225,481,4682.998920679092
3749.6838042736053,387,4687.660098791122
4147.133223474026,418,4692.752453327179
5108.031198263168,4500,4747.828028678894
4148.08178883791,537,4754.158997774124
4340.640813827515,400,4758.902956485748
9563.055568218231,1967,4783.086356639862
5129.848232150078,4500,4837.484009504318
3663.3642476797104,308,4841.267355918884
3630.1644221544266,344,4845.379166841507
3741.146716594696,427,4850.519728183746
5144.076733291149,4500,4904.801166296005
4356.766445159912,501,4910.712567806244
3747.786680519581,343,4914.733186006546
4160.4131526350975,451,4921.611790180206
5084.317037940025,4500,4975.685979604721
5127.951108515263,4500,5028.5197677612305
5154.510973513126,4500,5081.242044210434
4255.269805252552,439,5086.35590839386
3743.043853521347,274,5089.585266828537
3743.9924097657204,487,5095.2582585811615
3655.7757214307785,340,5099.224448680878
4342.537936985493,475,5107.904615879059
2210.160207092762,241,5111.692561864853
3734.506743848324,451,5116.870346546173
3747.786677658558,357,5121.979484796524
2184.5489045381546,217,5124.498912811279
5089.059887051582,4500,5177.243445634842
4356.766445994377,341,5181.2531061172485
5167.790917336941,4500,5234.055800199509
3748.7352396845818,362,5238.29131770134
3747.7866839170456,388,5242.811553478241
649.7681248188019,73,5243.69530582428
3662.415676653385,619,5250.991603136063
3743.992413699627,329,5254.787383079529
3655.775711297989,520,5260.784037590027
8081.787528634071,730,5270.203702926636
9875.333337843418,561,5276.8205025196075
9846.277798473835,692,5284.791528463364
5127.9511123895645,4500,5337.394359588623
4162.310291290283,508,5343.251071691513
638.3853302001953,75,5344.1492693424225
3740.198145508766,299,5347.605245113373
5134.591063082218,4500,5399.987572193146
4148.081786453724,415,5404.792098999023
3743.9924178123474,368,5414.0864408016205
9812.722227990627,843,5423.749732494354
3743.043840587139,864,5433.8228895664215
9817.611079275608,821,5443.517749786377
3642.4957751631737,286,5446.909882545471
1031.0919013023376,93,5448.013244867325
9825.555595219135,785,5457.061519384384
3749.683809518814,466,5463.407200098038
3737.3524518609047,675,5471.240031480789
3743.9924100637436,450,5476.487921714783
1031.0919009447098,92,5477.622986078262
9835.166671812534,742,5486.192489624023
4154.721746087074,405,5490.910705327988
639.3338963389397,74,5491.845896959305
3747.7866781949997,391,5496.400894880295
5160.202368795872,4500,5549.03085231781
2183.6003344655037,227,5551.678191661835
5174.430873513222,4500,5604.12294626236
9055.666650533676,4250,5654.774139404297
9821.388893663883,804,5664.108738899231
5121.311125814915,4500,5720.594936609268
3738.3010196089745,361,5724.800175905228
3641.5472210645676,527,5730.844903707504
3747.7866837382317,325,5734.593456745148
8069.456153869629,1081,5746.997444152832
5182.019404768944,4500,5799.347119092941
4252.424113929272,392,5804.847552537918
4252.424109876156,346,5808.877554893494
4153.77318239212,355,5813.117539167404
3634.9072481393814,315,5816.772170782089
9842.000012874603,711,5824.988411903381
5198.14503210783,4500,5877.467437744141
9837.44441229105,732,5885.968152999878
7257.483135640621,4500,5938.623954296112
3743.043842971325,288,5941.968618631363
1030.1433374285698,94,5943.081763744354
5398.292574286461,400,5948.667824983597
4254.321248471737,402,5953.349525213242
3736.4038739204407,339,5957.3077800273895
3645.341475725174,330,5961.144919157028
3643.44435274601,395,5965.719078779221
9773.222186744213,1021,5977.619739294052
3733.5581800937653,355,5981.78370475769
3638.701516032219,273,5984.967602968216
3743.992411494255,425,5989.968943834305
5161.150922060013,4500,6048.228835582733
3733.5581777095795,297,6051.927403211594
3645.3414808511734,299,6055.445623159409
5196.2478929162025,4500,6108.301720619202
3632.061552107334,387,6112.791261672974
3739.24957126379,335,6116.681564092636
2222.4915633797646,743,6125.210321187973
1032.9890344142914,87,6126.285724639893
643.1281622648239,74,6127.18500828743
4155.670322954655,446,6132.353932857513
9853.666672587395,659,6139.980968236923
642.179595708847,74,6140.869429588318
8081.787518501282,877,6151.93844127655
3710.792578458786,373,6156.262902498245
4250.526986479759,464,6161.605788707733
9870.499985694885,583,6168.2929251194
646.922424018383,68,6169.143307924271
4156.618887424469,727,6177.500068902969
3743.043838620186,272,6180.670774459839
4149.030352473259,396,6185.259509086609
3736.40387403965,418,6190.175421953201
3747.7866822481155,305,6194.677135705948
3743.992409348488,343,6198.6341598033905
9875.444419801235,561,6205.100556373596
3745.889543712139,315,6208.7518355846405
1032.9890345931053,92,6209.843780517578
5339.4814430475235,491,6215.530929803848
4157.567452967167,428,6220.476176738739
5165.893777370453,4500,6273.162202835083
4148.08178627491,327,6276.9565715789795
4163.258849620819,395,6281.6100244522095
3740.198144674301,317,6285.277089595795
4245.784155488014,414,6291.057246208191
4150.927489876747,344,6295.0271236896515
4162.310279905796,382,6299.453455209732
8081.787518441677,1051,6311.506748914719
7252.740300834179,651,6323.477428436279
9833.55557602644,749,6332.201790094376
3741.146714389324,312,6335.8666269779205
9825.111109912395,787,6345.925164699554
5138.385330319405,4500,6398.538417816162
9845.88890337944,694,6406.601660013199
4246.7327100634575,327,6410.406414985657
3743.992401123047,250,6413.294215917587
3743.9924198389053,485,6418.90722322464
5101.391220450401,4500,6471.43515753746
3743.9924063682556,325,6475.218293190002
4245.784141242504,427,6480.140489816666
4246.732705771923,619,6488.299911022186
3744.9409791231155,303,6491.825312376022
9468.944436192513,2390,6519.279465675354
3739.2495663166046,271,6522.419072628021
4162.310277938843,408,6527.244143247604
9849.055488348007,680,6536.070259332657
9877.11106967926,553,6542.400574684143
7251.79173129797,681,6550.167993783951
4241.989880681038,371,6554.441410779953
3631.1129786372185,293,6557.817753076553
3748.735248565674,366,6562.063490867615
3747.7866680026054,364,6566.242927312851
3747.786668419838,548,6572.571716308594
4246.732717990875,376,6576.920213699341
4152.824613332748,322,6580.624014139175
5179.173705339432,4500,6638.833594560623
3736.403879702091,327,6642.678779125214
3641.5472127199173,275,6645.870919704437
9862.555541813374,619,6653.005277872086
3665.26138061285,385,6657.459767341614
3747.7866748571396,317,6661.123013496399
3743.992406487465,365,6665.409288883209
4244.835579693317,364,6669.80078125
5177.276556074619,4500,6722.547883033752
3645.34147977829,370,6726.82874083519
4354.869310557842,405,6732.47903752327
4159.464589834213,404,6737.141618490219
4254.321250915527,352,6741.2101311683655
4356.766432821751,389,6745.719762325287
3734.506747364998,343,6749.674033641815
9853.499984681606,660,6757.2371253967285
4241.989874839783,333,6761.194092273712
3631.112988114357,325,6765.051444530487
641.231029510498,71,6765.924692153931
3748.73524081707,356,6770.05278801918
3735.4553069472313,359,6774.297235250473
5118.465426266193,4500,6827.434575796127
3740.1981369256973,385,6832.910457849503
3734.5067452788353,345,6836.940174341202
3635.855819642544,361,6841.127126216888
9879.61107814312,542,6847.402954339981
9628.777762234211,1671,6866.616996765137
1028.2462062835693,103,6867.855115890503
3744.940971016884,295,6871.28090596199
9821.444452643394,804,6881.530778884888
3743.043838560581,643,6888.935851097107
4151.876056790352,436,6894.074908733368
3748.7352445721626,393,6898.674417257309
3630.1644154191017,316,6902.349549531937
3737.352446258068,415,6907.151118040085
648.8195576667786,73,6908.032032966614
3742.0952757000923,302,6911.576819658279
4246.73271894455,375,6915.929912805557
3745.889546275139,330,6921.918175458908
4249.578412055969,394,6928.562921047211
9823.111093461514,796,6938.948273420334
3745.889546453953,293,6942.383284330368
4242.938444316387,396,6946.936827659607
7245.151764690876,1533,6964.5050320625305
3749.6838126778603,305,6968.024046897888
9830.166677415371,765,6976.791477203369
9784.888916432858,968,6988.8663828372955
3645.341484308243,276,6992.06436920166
3734.506740450859,301,6995.541406393051
5202.887869715691,4500,7048.032932043076
9843.722224533558,704,7056.287002563477
9215.277771115303,3532,7097.775432109833
7243.25463950634,738,7106.251994848251
9855.722188711166,650,7113.7788875103
3745.889546394348,393,7118.3103630542755
3740.198143005371,954,7130.216809511185
3639.6500814557076,322,7134.020126581192
5172.533732950687,4500,7186.639455080032
9855.333343565464,651,7194.156603574753
4252.4241099357605,664,7201.832262277603
9796.38886064291,917,7212.523328781128
9866.333289444447,602,7220.4500207901
4159.464587807655,375,7228.272475242615
9808.27773821354,863,7239.40730214119
9846.999981582165,689,7247.350823640823
4148.081778287888,512,7253.2789714336395
4157.567446470261,389,7257.796285152435
3742.095274209976,268,7260.950232744217
9826.833325862885,780,7269.932499885559
9411.277740120888,2650,7301.2661418914795
3747.7866795659065,374,7305.597732305527
9859.277745306492,634,7312.902631998062
4246.732716083527,321,7316.641921520233
9824.722241699696,789,7326.6935040950775
643.1281629800797,74,7327.614871263504
7254.6374386549,589,7334.43793964386
9798.055492162704,909,7344.872946023941
5174.430863082409,4500,7397.519933462143
4241.0413147211075,369,7401.7822959423065
9825.999973237514,783,7410.799317598343
4243.887011706829,326,7414.712475776672
9363.388891220093,2865,7448.791864156723
9855.166667103767,652,7456.361771821976
9853.833295822144,658,7464.912124872208
9877.388849198818,552,7471.277732849121
9878.944414377213,545,7477.582089185715
4249.578408896923,353,7481.651007890701
3743.9924021959305,320,7485.366242408752
9860.333343923092,629,7492.579457044601
3633.010112762451,372,7496.8596432209015
4349.17790466547,365,7501.09778380394
9850.05550301075,675,7508.911532640457
9855.444432497025,651,7517.4011063575745
3641.5472202301025,300,7520.905040025711
8080.838954925537,635,7532.62855887413
5194.350753188133,4500,7585.1584396362305
9873.888856887817,568,7591.771060705185
3743.9924119114876,337,7595.635135412216
8059.9704766869545,617,7602.704237937927
645.9738600254059,76,7603.613496541977
5174.430856704712,4500,7656.171219825745
5193.402184188366,4500,7709.595254659653
3735.4553130865097,285,7712.909996271133
9759.388869822025,1083,7725.34042263031
3744.9409735798836,298,7728.89201259613
4152.824613273144,301,7732.472177267075
9876.555534899235,556,7738.874340295792
5182.967967569828,4500,7791.077548980713
5071.03709846735,4500,7847.8619747161865
4258.115510344505,350,7851.946543455124
9495.16664904356,2272,7878.931264877319
5049.220074772835,4500,7931.2751615047455
9603.777731835842,1783,7952.550228357315
3743.0438475608826,308,7956.144558906555
9864.055551707745,612,7963.151925563812
9883.277770757675,526,7969.174958705902
9850.722188770771,672,7976.867107868195
3748.735242009163,286,7980.160316944122
5182.967962086201,4500,8032.602556705475
4252.424109458923,320,8036.309354543686
4244.835569083691,302,8039.795269489288
7247.997472405434,548,8046.09684920311
4253.372677624226,413,8051.825212955475
4242.938446223736,433,8056.82924580574
3744.940976202488,446,8062.028437376022
8081.787516951561,821,8071.569408893585
9861.33334326744,624,8078.715606689453
9859.833346962929,631,8085.987552404404
7249.8946115374565,662,8093.624089002609
9871.222230672836,580,8101.210926294327
4246.732704997063,292,8104.580858707428
3743.0438398122787,303,8108.078333854675
9878.222202658653,548,8114.380740404129
9395.333300113678,2721,8151.119686126709
9873.055509984493,572,8157.676938533783
3739.249568462372,343,8161.622562170029
9848.999947667122,680,8169.437277555466
9878.666629970074,546,8175.721022367477
4158.51601010561,329,8179.538701057434
4140.493249833584,323,8183.283310890198
9889.499991357327,498,8189.018107891083
9862.055526316166,621,8196.159889698029
9876.611109554768,556,8203.609688997269
9868.166632294655,594,8210.513790130615
3741.1467074751854,301,8214.030622720718
9681.555548727512,1433,8230.536907672882
9828.055558681488,774,8239.414426088333
9888.277731060982,503,8246.180282831192
9877.055514156818,554,8252.542347669601
644.0767295360565,74,8253.433279275894
3738.301014125347,328,8257.203802585602
9894.999960124493,473,8262.633698940277
9155.777769744396,3799,8306.932710886002
9763.833343565464,1063,8319.087346315384
3629.215841114521,296,8322.518152952194
4165.15598398447,342,8326.475105762482
649.7681248188019,73,8327.344839572906
3746.8381078243256,270,8330.447767734528
4159.464576840401,321,8334.129724025726
9868.055540204048,594,8341.904322624207
3747.786676824093,313,8345.545975923538
9856.833343803883,645,8352.968186616898
3646.290044605732,294,8356.407153129578
9852.388857245445,665,8364.039985179901
3741.1467024683952,349,8368.041960477829
9416.888891994953,2624,8398.962803602219
9368.888883769512,2840,8433.73203253746
8080.838946282864,618,8443.866112947464
9873.277774691582,571,8450.484486818314
642.1795955896378,74,8451.461297273636
9881.999989449978,531,8457.682268857956
9880.166624069214,540,8463.984377145767
9854.611068665981,655,8471.565144777298
9863.722227275372,614,8478.646756649017
9213.611077666283,3539,8520.057404518127
9829.611069500446,767,8529.201717615128
9887.277739942074,508,8535.141976118088
4239.144179344177,361,8540.28713297844
9877.38885128498,552,8546.746180057526
9819.77778851986,811,8556.177149057388
9533.555519938469,2099,8580.30719923973
9872.444416761398,574,8588.125244379044
9879.166643500328,544,8594.448397874832
9884.055520296097,522,8600.47303366661
5660.096947491169,4500,8653.136485099792
9877.333302736282,552,8659.478396654129
3633.958687245846,292,8662.852182388306
9831.555537223816,758,8671.545746088028
9888.666656374931,501,8677.338934659958
3743.0438462495804,338,8681.237367391586
9848.277765929699,683,8690.14442896843
3742.095274746418,276,8693.386778354645
9878.944401144981,545,8699.696360349655
4349.177906632423,367,8703.93020606041
4256.218374550343,311,8707.537197828293
9887.777741968632,505,8713.383075475693
9884.111050069332,522,8719.440045833588
4242.9384479522705,365,8723.706790208817
9862.722205340862,618,8731.755539417267
9876.16663724184,558,8742.68713593483
9864.888915598392,608,8749.715381383896
9885.499960184097,516,8755.687810182571
4244.835576057434,293,8759.086774110794
9886.499957501888,511,8765.004090309143
4252.424103081226,322,8768.769176483154
9836.277713119984,737,8777.384338378906
9880.94439381361,536,8784.533385276794
9738.83332836628,1176,8798.14291214943
9854.33330154419,656,8805.743067741394
9892.999993264675,482,8811.361322402954
9879.611107170582,542,8817.640121221542
9887.66663312912,506,8823.491456270218
9882.166657924652,531,8829.671597480774
9837.277734398842,733,8839.126913309097
9884.444441318512,520,8845.24851679802
9892.333295762539,485,8850.889914035797
3652.9300175905228,376,8855.3222386837
9872.333286881447,575,8862.196262836456
4241.041308999062,344,8866.224284648895
9855.666635990143,650,8873.730565071106
3749.6838081479073,270,8876.86614060402
9883.444390237331,525,8883.897524356842
9869.555518984795,587,8890.710610628128
4248.629842042923,388,8895.184174776077
3734.5067408680916,295,8898.629327058792
9889.888867139816,496,8904.33999490738
9887.000004410744,509,8910.200765609741
9875.16662055254,562,8916.720730781555
9890.111088514328,495,8922.407778263092
9893.27775323391,481,8927.932181358337
9878.555559039116,547,8935.222954034805
3648.18718200922,344,8939.221370458603
643.1281641721725,73,8940.096180915833
9895.833319485188,469,8945.472899198532
9777.22223520279,1003,8956.920440196991
8075.147540867329,632,8964.210195302963
9888.388859450817,503,8970.014709472656
9363.27773988247,2866,9003.832020759583
9640.94441741705,1616,9023.25174498558
9884.166647911072,522,9030.644170045853
9884.66665816307,519,9036.708333969116
9829.333292663097,768,9045.775087594986
2214.9030272960663,206,9048.221331119537
9890.33330720663,494,9054.180154561996
9886.555546104908,511,9060.187545537949
9863.222179949284,616,9067.3629488945
9867.777747750282,595,9074.32526922226
8080.838938176632,668,9082.298252820969
4341.589376926422,313,9085.92988729477
9883.16663724184,526,9092.005616426468
9866.555531680584,601,9099.037421941757
9881.722219109535,533,9105.177701950073
9890.611059904099,493,9110.849167585373
9881.55554562807,533,9117.044211864471
9873.833294689655,568,9124.553728103638
9736.499967217445,1186,9138.293234825134
3737.352437734604,394,9142.901820421219
3748.735248029232,339,9146.854858160019
9877.611085295677,551,9153.23284959793
9853.722211420536,659,9161.040359258652
9887.944380879402,505,9166.878885030746
9882.777767241001,528,9174.081047534943
3738.301004588604,340,9178.015271663666
4247.68128156662,377,9182.41142463684
9874.27771526575,566,9189.038429737091
9893.111092031002,481,9194.714238405228
9823.388847708702,795,9204.06675696373
9886.111054480076,513,9210.097316503525
9481.277721881866,2335,9238.221757888794
9377.388829529285,2802,9272.135320186615
9888.88886076212,500,9278.208427906036
4343.486505687237,299,9281.713539600372
3643.4443467855453,287,9285.097913742065
649.768123626709,69,9285.961038589478
9876.999946296215,554,9292.452147483826
9880.944388568401,536,9298.73279953003
9884.111086785793,522,9304.839482307434
9795.944396853447,919,9315.598523378372
9123.05551147461,3947,9362.580262422562
9889.277716517448,499,9369.447377681732
9707.499957561493,1317,9384.681272983551
9877.722190439701,551,9391.182329177856
9884.555513083935,520,9397.316478729248
9890.38886219263,494,9403.108056783676
9893.499950170517,480,9408.697071552277
4241.989874839783,296,9412.189827680588
9890.499980270863,493,9418.97073841095
9837.333294451237,732,9427.55028796196
9891.222189545631,490,9433.31710600853
9884.166646301746,522,9439.438075065613
9759.333284914494,1083,9452.02141904831
4254.3212396502495,453,9457.286113500595
3747.786676943302,330,9461.15591263771
9874.055557727814,567,9468.751808643341
9693.222159028053,1381,9484.693855524063
9875.166614413261,562,9491.273637771606
9746.388849437237,1142,9504.576078653336
9891.722219884396,488,9510.259449958801
3744.940972328186,279,9513.512861013412
4344.435072243214,308,9518.141260385513
9751.611061811447,1118,9531.321995973587
9649.333278954029,1578,9549.532049179077
9876.777729511261,555,9555.982263565063
3741.14670163393,684,9564.960986375809
3736.40388071537,288,9568.328084468842
3743.992409527302,438,9573.448296308517
9883.111095011234,526,9579.597738265991
9878.888866245747,545,9585.930836200714
9843.777765214443,703,9594.093409061432
9879.499965310097,543,9600.425708532333
9748.388903439045,1133,9614.626005887985
9773.888858675957,1018,9626.551590919495
9887.722214460373,506,9632.40419459343
9868.944437265396,590,9639.291259765625
9890.277718245983,494,9645.05188369751
4139.544681370258,371,9649.441609621048
9850.499943315983,673,9657.17787861824
9897.611046016216,461,9663.504776477814
9885.277712643147,517,9669.516612052917
9817.333324968815,822,9678.997542619705
3749.6838121414185,376,9683.432384729385
4242.9384407401085,340,9687.551355600357
9884.888852655888,518,9693.618398427963
9893.333314478397,480,9699.295619726181
9861.722206652164,623,9706.566786289215
9856.999972760677,644,9715.022828578949
9891.999952793121,486,9720.70517039299
9867.55554562807,596,9727.631491422653
9895.388846814632,471,9733.18503665924
9872.33330565691,575,9739.975537061691
9889.722174942493,497,9745.845274925232
3742.095274746418,318,9749.601115703583
9880.222170174122,539,9755.90727353096
9877.499991297722,552,9763.399342775345
9880.444415569305,538,9769.620058298111
9858.27773976326,638,9777.06910443306
9881.333305835724,534,9783.307838201523
9870.555509626865,583,9790.040027856827
9890.999996066093,491,9795.843584537506
4169.898812115192,335,9799.76148223877
9857.833281219006,640,9808.216995954514
7246.100321233273,465,9813.699277877808
9892.055538833141,486,9819.348230600357
9872.27776324749,575,9826.03331899643
9861.777767598629,622,9833.277617454529
3745.8895382881165,270,9836.422799825668
3638.701521754265,316,9840.109490394592
9892.277762591839,485,9845.721323728561
9885.999956071377,513,9851.670058488846
9886.11107391119,513,9858.634848356247
9893.833302974701,478,9864.324989557266
9888.333320736885,503,9870.156554222107
9895.333309054375,471,9875.693222284317
9885.44438445568,516,9881.669564723969
9893.722191929817,479,9887.246493816376
9889.166615188122,499,9893.15372633934
9890.999953210354,491,9898.914967298508
3743.0438442230225,338,9902.983163356781
4242.938439667225,349,9908.071910858154
9893.2777531147,481,9913.759726524353
9888.333302021027,503,9919.59615278244
8080.838927388191,628,9926.869094848633
9876.888848781586,554,9933.379938364029
9847.166622817516,688,9941.44941353798
9876.999955356121,554,9947.887387275696
9891.388839304447,489,9953.57938170433
9894.88884049654,473,9960.085425138474
9797.611090958118,911,9970.709719657898
9880.444396555424,538,9976.941029071808
9875.111077725887,562,9983.434466838837
9882.611088752747,529,9989.583706855774
9884.888835132122,518,9995.619617462158
9891.388857126236,489,10001.256555557251
9889.555537998676,497,10008.042931556702
9890.833306372166,492,10013.763071537018
9888.166610240936,504,10019.72805428505
9887.388862907887,507,10025.64876461029
9877.944414436817,550,10032.061992645264
9891.888858795166,487,10037.729746341705
9891.166635036469,490,10043.389157533646
9892.055517673492,486,10049.041372060776
9890.888852834702,491,10055.773873090744
9868.33329820633,593,10062.644103050232
9885.999965310097,513,10068.612241506577
4147.133223891258,349,10072.717535495758
4151.876050531864,298,10076.293757200241
9886.777754724026,510,10082.17721748352
9887.055509269238,509,10088.137974977493
9885.166642010212,517,10094.136467933655
9884.722152113914,519,10101.235273361206
9885.777725875378,514,10107.200629711151
9893.277756810188,481,10112.77576994896
9895.499958753586,471,10118.298421859741
9879.777731537819,541,10124.675345420837
9883.944428682327,523,10130.807628631592
3745.889541566372,281,10134.123890399933
9894.888830780983,473,10139.626020908356
9881.722167909145,533,10145.826179027557
9894.99997216463,473,10152.322603464127
5340.429998755455,504,10158.206768512726
9883.05550980568,527,10164.391596317291
9894.055531084538,477,10170.049899816513
9890.055527687073,495,10175.895725727081
9895.72215205431,470,10181.344410896301
9893.611068665981,479,10186.892625331879
9873.722209334373,569,10193.500819444656
9888.333259522915,503,10200.332179546356
4163.2588503956795,354,10204.45943236351
9885.555534601212,515,10210.516199588776
9894.6110419631,475,10216.059570074081
4151.876045823097,304,10219.59687447548
9881.94438445568,532,10225.790398836136
9877.333283305168,552,10232.22760462761
9864.944408416748,608,10239.390084028244
9890.277723491192,494,10245.202587366104
9880.55549544096,538,10252.543626785278
9892.499979376793,484,10258.168445825577
9891.888857364655,487,10263.818849563599
9891.111044049263,490,10269.507185459137
9880.444372534752,538,10275.883549451828
9895.166602671146,472,10281.40580201149
9880.055541455746,540,10287.7740650177
9891.222166478634,490,10293.524745702744
9867.444389760494,597,10301.494043588638
9890.888833224773,491,10307.278627872467
9886.333297014236,512,10313.24850988388
9893.777744829655,478,10318.908418416977
9895.888821780682,469,10324.437129974365
3738.3010034561157,273,10327.65535736084
5341.37856566906,606,10334.808896064758
9895.55552315712,470,10340.28548502922
9881.777750730515,532,10347.513979196548
9894.66664737463,474,10353.066839933395
9881.166617393494,535,10359.307100534439
9882.611066162586,529,10365.463151216507
3659.56997358799,361,10369.656426429749
9518.44437623024,2167,10395.915864229202
9894.166614174843,477,10401.459745883942
9895.16661542654,472,10406.939115047455
9888.22220647335,503,10412.807401657104
4164.2074201107025,323,10416.644204854965
9892.499976336956,484,10422.314802646637
9889.388850748539,498,10428.164145708084
9889.722180485725,497,10434.047973394394
9895.27770781517,472,10439.585449457169
9890.166624844074,495,10446.351845026016
9895.444389760494,471,10451.866043329239
9883.111046254635,526,10457.956881284714
9892.111055791378,486,10463.703244924545
9895.666600048542,470,10469.201790332794
9882.999982893467,527,10475.47282242775
9892.277701973915,485,10481.492050647736
2003.3726840019226,201,10483.959043264389
9893.333268225193,480,10489.800918102264
9882.888833642006,527,10497.081259727478
9894.888828933239,473,10502.609852313995
9888.055516898632,504,10508.490758657455
9893.555522322655,479,10514.114200115204
4258.115502417088,315,10517.790564060211
9891.666637182236,488,10523.547426223755
9893.333312749863,480,10529.213065862656
9883.777724802494,523,10535.383058309555
9892.666620373726,483,10541.08300948143
9894.999980926514,473,10547.634337186813
9891.49995625019,489,10553.307143688202
9885.222184360027,517,10559.321756839752
9896.277743339539,467,10564.869013547897
9895.666596651077,470,10570.350707769394
9871.833290278912,577,10577.265019893646
4341.589365065098,285,10580.653952121735
9894.055510222912,477,10586.445651769638
9871.444401800632,579,10594.35628581047
9884.666610956192,519,10600.453842639923
9861.111083328724,625,10607.76027417183
9891.499936938286,489,10613.476615905762
9896.388827383518,467,10619.013603925705
9889.499954044819,498,10624.957451820374
9792.999977231026,932,10636.021721124649
9894.611075222492,475,10642.608815908432
9888.277718007565,503,10648.466914176941
9881.722205758095,533,10654.73828959465
5342.327131390572,438,10659.90654039383
9893.66662889719,479,10665.759621858597
9888.444377958775,502,10671.784744024277
9894.499986112118,475,10677.450400829315
5340.43000882864,499,10683.504024505615
9878.277707338333,548,10691.09856915474
9895.222149789333,472,10696.61627984047
9889.111058056355,499,10702.465891599655
9894.333314478397,476,10708.157811641693
9888.499961972237,502,10714.111869573593
9894.7777479887,474,10719.626392126083
9864.833266496658,609,10726.713498353958
9892.833311378956,483,10732.447321653366
9894.555479049683,475,10738.035148382187
9894.388829171658,476,10744.622735500336
9891.94439893961,487,10750.287430286407
9870.999980509281,581,10757.02537035942
9895.222204566002,472,10762.546521663666
9884.555523991585,520,10768.686233520508
9866.05552148819,603,10775.740482091904
9893.777703940868,478,10781.350334882736
9895.611035883427,470,10786.849182844162
9844.111084640026,702,10796.044828414917
9889.555497348309,497,10801.786256551743
9890.99997997284,491,10807.466845989227
9894.833309173584,474,10813.081174135208
9893.944399476051,478,10818.652952194214
9834.555539250374,745,10827.242936611176
9894.833307623863,474,10832.749869585037
9884.944414377213,518,10839.811149597168
9881.88885462284,532,10845.995531320572
9895.444411873817,471,10851.467013597488
9895.444388389587,471,10856.97728228569
9877.722198843956,551,10863.594715118408
9894.888810753822,473,10869.170374393463
9893.555539309978,479,10874.82082939148
9884.944374501705,518,10880.919331550598
9894.666617810726,474,10887.565541267395
9895.888863623142,469,10893.06460738182
9888.888868749142,500,10898.857872009277
9887.111084282398,508,10904.729142904282
9884.388856768608,521,10910.78337931633
9893.611077010632,479,10916.367926836014
9870.222159028053,584,10923.148203134537
9894.055500090122,477,10928.754473686218
9893.555512726307,479,10934.497040271759
9890.444396972656,493,10941.23655796051
9895.499958872795,471,10946.705951213837
9895.222134709358,472,10952.197591304779
9895.111067295074,472,10957.673311471939
9885.777708530426,514,10963.686929702759
9895.611056804657,470,10969.211079120636
9886.333323657513,512,10975.262490034103
9895.444375932217,471,10980.710544347763
9889.055520892143,500,10987.530900716782
9893.999979197979,477,10993.1061835289
9896.222176373005,467,10998.514811038971
9889.11109495163,499,11004.315728187561
9894.666602790356,474,11009.806814432144
9852.055495500565,666,11017.652011871338
9888.277746200562,503,11023.484176397324
9888.555525302887,502,11029.319104671478
9884.944403886795,518,11036.356124162674
9889.166598558426,499,11042.131130218506
9896.166610181332,468,11047.572298288345
9893.222166895866,481,11053.172559976578
9895.388837337494,471,11058.726921319962
9588.4444283247,1852,11080.195608615875
9894.222175896168,476,11086.805926322937
9885.388877809048,516,11092.810829401016
9895.222185909748,472,11098.425096988678
9889.66664147377,497,11104.165472507477
9887.888899624348,505,11110.087900876999
9866.277774512768,602,11117.167530536652
9884.499951779842,520,11123.389729976654
9883.722158074379,524,11129.467148065567
9892.944403529167,482,11136.117052555084
9895.666595935822,470,11141.637042284012
9888.888860940933,500,11147.50413107872
9889.222206890583,499,11153.306632041931
9879.611080884933,542,11159.654040336609
9894.999986886978,473,11165.787801265717
9852.888845741749,662,11173.459723711014
9889.7777531147,496,11179.223324775696
9885.944399893284,514,11186.237470149994
9894.83330887556,474,11191.703817129135
9896.055496931076,468,11197.149188518524
9890.222213089466,494,11202.942087173462
9893.833315610886,478,11208.484818458557
9895.55548030138,470,11213.904069185257
9889.722186803818,497,11219.643581151962
9894.333276689053,476,11225.16096663475
9894.166643440723,477,11231.767085552216
9885.888861715794,514,11237.79073882103
9894.11106055975,477,11243.400745391846
9890.166601538658,495,11249.137259960175
9889.444392681122,498,11254.893833637238
9889.888858556747,496,11260.628871679306
9877.777730464935,550,11266.976009130478
9876.05552828312,558,11273.449321508408
9894.222187101841,476,11280.00175499916
9896.333284676075,467,11285.409363985062
9895.555519998074,470,11290.838927268982
9894.499974310398,475,11296.32496881485
9891.11107712984,490,11302.01080417633
9892.222155332565,485,11307.71806383133
9895.777737140656,469,11313.177112579346
9893.666625976562,479,11318.758962154388
9889.61108493805,497,11324.552730083466
9894.111091792583,477,11331.195491790771
9892.722171604633,483,11336.80408859253
9887.277714371681,508,11342.690385818481
3739.249569118023,276,11345.897227287292
9878.944374740124,545,11352.296114683151
9890.555522561073,493,11358.019629955292
9895.055516660213,473,11363.541415214539
9872.666660964489,573,11370.194231033325
9888.499938488007,502,11376.985565185547
9888.444393336773,502,11382.851839065552
9896.333301901817,467,11388.24102306366
9848.722217857838,681,11396.107342243195
9866.444378972054,601,11403.262386083603
9895.72215861082,470,11408.708970546722
9889.277726888657,499,11414.469487190247
9895.999970257282,468,11419.89382147789
9881.611093103886,533,11427.217567443848
9894.222154080868,476,11432.764783382416
9888.66662234068,501,11438.639743089676
9890.05552726984,495,11444.413562059402
2226.285828411579,303,11451.26142525673
9894.99993878603,473,11457.99754357338
9895.777718901634,469,11463.492543697357
9894.777758300304,474,11469.177213430405
9883.055500745773,527,11475.27228140831
9888.388831913471,503,11482.102810144424
9891.388855457306,489,11487.862431526184
9894.888852119446,473,11493.419121026993
9893.999976575375,477,11498.95749425888
9891.666616797447,488,11504.644533157349
9882.388878762722,530,11510.833148956299
9894.999970912933,473,11516.339266300201
9895.55546861887,470,11521.783959150314
9896.333260834217,467,11528.193848371506
4257.166935503483,282,11531.514369010925
9896.055506289005,468,11537.019878149033
9889.33326882124,498,11542.824773311615
9894.05552059412,477,11548.467450141907
9891.777728497982,487,11554.165852308273
9895.611078500748,470,11559.618574380875
4161.361705601215,716,11567.873460769653
9892.166611850262,486,11573.518889665604
9894.555493712425,475,11580.055261850357
9894.444396317005,475,11585.62855052948
9889.888868391514,496,11591.370762109756
9888.611047804356,502,11597.20666885376
9889.499941468239,498,11603.011514663696
9882.94438534975,527,11609.2845890522
9894.999967575073,473,11614.826435565948
9896.722176373005,465,11620.215962409973
9888.777701556683,501,11627.143408298492
9889.944411754608,496,11632.954343557358
9895.11107814312,472,11638.523483514786
9890.555538713932,493,11644.369171857834
9894.833272457123,474,11649.84306049347
9892.72219067812,483,11655.503257989883
9894.611056685448,475,11661.115801334381
9894.555526733398,475,11666.649552345276
9885.666602015495,515,11673.625079393387
9894.722166478634,474,11679.185048103333
9896.222154438496,467,11684.722036123276
9891.555496752262,488,11690.472312450409
9896.555532515049,466,11695.900976419449
9896.055512428284,468,11701.336000204086
9895.94440716505,469,11706.789615869522
9895.833307504654,469,11712.336714029312
9895.444389879704,471,11717.765513658524
9896.38883125782,467,11724.2495803833
9895.277716994286,472,11729.866203546524
9896.499964892864,466,11735.386451482773
9889.722191929817,497,11741.172868967056
9896.666592419147,465,11749.597955942154
9895.111054956913,472,11756.836155414581
9871.611075341702,578,11763.553092241287
9895.222198188305,472,11769.026066541672
9894.555502712727,475,11775.485571622849
9896.111051917076,468,11780.92189359665
9894.833311319351,474,11786.442875862122
9894.055478990078,477,11791.954841375351
9894.444397866726,475,11797.51449918747
9895.499975264072,471,11802.997824192047
9896.166636705399,468,11808.439363956451
3632.0615406036377,258,11811.451380729675
9893.88886076212,478,11817.050922870636
9888.444393455982,502,11823.868210315704
9895.999969959259,468,11829.284302473068
9889.944368600845,496,11835.010296583176
4248.6298432946205,330,11838.807084083557
9895.499952554703,471,11844.284200668335
9897.166633307934,463,11849.60686326027
9894.444393575191,475,11855.075936317444
9897.05547016859,464,11860.513381004333
9892.499930858612,484,11866.085699796677
9896.666615843773,465,11872.437801599503
9871.999986946583,576,11879.093083620071
9886.2777261734,512,11885.067767858505
9894.833271622658,474,11890.539774894714
9890.611041486263,493,11896.218415260315
9894.444408655167,475,11901.694801568985
9894.666625797749,474,11907.158391952515
9886.833302795887,510,11913.037032365799
9895.277716755867,472,11918.481907129288
9895.388845801353,471,11924.910135030746
9891.11105787754,490,11930.5564827919
9895.66663736105,470,11936.022591352463
9894.999970912933,473,11941.517369270325
9896.111077606678,468,11946.929997682571
9897.11104553938,463,11952.268856525421
9896.55546861887,466,11957.666091918945
9886.666643083096,510,11963.592912435532
9895.944381475449,469,11970.040246963501
9896.222133874893,467,11975.443614006042
9896.055507063866,468,11980.854783535004
9895.666589736938,470,11986.280646800995
9891.388866901398,489,11991.916865587234
9890.055499911308,495,11997.638986349106
9895.83327537775,469,12003.116135120392
9896.611063241959,466,12008.513713121414
9887.444393098354,507,12014.393431186676
9895.277734160423,472,12020.8647711277
9886.55547440052,511,12026.817028284073
9890.055536150932,495,12032.536893844604
9873.944365501404,568,12039.134222269058
9894.999971807003,473,12044.707433223724
9893.222178816795,481,12052.449337005615
9890.111058592796,495,12060.20631146431
9896.333302736282,467,12065.595969438553
9894.888828396797,473,12072.045039892197
9873.277733147144,571,12078.653978824615
9894.333306193352,476,12084.160507917404
9895.166593194008,472,12089.584887266159
9896.722154796124,465,12094.916862726212
9896.277712583542,467,12100.33680510521
9896.333279907703,467,12105.735481739044
9886.388871133327,512,12111.611218452454
9896.166607141495,468,12116.974249124527
9895.44438713789,471,12123.412415027618
9885.722158968449,515,12129.395790576935
9890.777696967125,492,12135.17456126213
9896.333276689053,467,12140.556083202362
9896.166613698006,468,12145.96636891365
9895.111032545567,472,12151.432038784027
9895.888849496841,469,12156.975749254227
